Comment,Designator,Footprint,LCSC Part #
100nF 50V X7R,"C1, C2, C3, C5, C13, C17, C22, C23, C24, C25",C_0603_1608Metric,C14663
1nF 50V X7R,"C6, C7, C8, C9",C_0603_1608Metric,C1588
10uF 50V X7R,C4,C_1206_3216Metric,C13585
24pF 50V C0G,C10,C_0603_1608Metric,C1644
47uF 10V X5R,C11,C_0603_1608Metric,C19666
33nF 50V X7R,C12,C_0603_1608Metric,C1628
10uF 50V X7R,C14,C_1210_3225Metric,C96602
1000uF 50V (DNP),C16,CP_Radial_D16.0mm_P7.50mm,DNP
10k 1%,"R2, R4, R6, R7, R10, R12, R15, R16, R17, R18, R19, R20, R22, R24, R29, R31, R40, R49, R50, R52, R56",R_0805_2012Metric,C17414
1k 1%,"R41, R42, R43, R44, R45, R46, R47, R48, R51",R_0805_2012Metric,C17513
6.04k 1%,"R8, R9, R14, R23, R33, R35, R37, R39",R_0805_2012Metric,C17772
3.01k 1%,"R25, R26, R27, R28, R32, R34, R36, R38",R_0805_2012Metric,C17658
499R 1%,"R11, R13, R21, R30",R_0805_2012Metric,C17711
5.1k 1%,"R1, R3, R5, R57, R58, R59, R60",R_0805_2012Metric,C17743
210R 1%,"R53, R61, R62",R_0805_2012Metric,C120485
402R 1%,R54,R_0805_2012Metric,C22880
52.3k 1%,R55,R_0805_2012Metric,C116773
12uH Inductor,L1,L_Bourns_SRR1208_12.7x12.7mm,C380674
BZX384-B3V0 / 3V Zener,"D1, D2, D3, D4, D6, D7, D8, D10",D_SOD-123,C2003
SMAJ28A TVS 400W,"D14, D15, D16, D17, D18, D19, D20, D21",D_SMA,C81136
LED Green,"D13, D23, D24",LED_0603_1608Metric,C72043
B5819W Schottky,"D5, D22",D_SOD-123,C8598
BZX84C10 / 10V Zener,D9,D_SOD-123,C2010
LED Red,D11,LED_0603_1608Metric,C84263
LED Blue,D12,LED_0603_1608Metric,C72041
ESP32-S3-WROOM-1-N16R2,U1,ESP32-S3-WROOM-1,C2913200
MCP3208-CI/SL,U2,SOIC-16_3.9x9.9mm_P1.27mm,C6442
LD1117S33TR,U3,SOT-223-3_TabPin2,C1567
TPS4H160AQPWPRQ1,U4,IC_TPS4H160AQPWPRQ1,C358688
USBLC6-2SC6 (SOT-23-6),U5,SOT-666,C7519
TPS62932DRLR,U6,SOT-583-8,C2924976
BTN8982TA,"Q7, Q8, Q9, Q10",TO-263-7_TabPin8,C71649
TS-1187A-B-A-B Tactile,"BOOT1, RST1",SW_SPST_PTS647_Sx50,C318884
Ferrite Bead 600R,FB1,L_0805_2012Metric,C1017
QM6015D P-MOSFET,Q5,TO-252-2,C148421
Test Point (DNP),"TP1, TP2, TP3, TP4",TestPoint_Loop_D2.50mm_Drill1.85mm,DNP
WAGO 2604-1104 (DNP),"J3, J4",CONN4_2604-1104_WAG,DNP
Pin Header 1x4 2.54mm (DNP),"J5, J7",PinHeader_1x04_P2.54mm_Vertical,DNP
TYPE-C-31-M-12 16P,J1,USB_C_Receptacle_HRO_TYPE-C-31-M-12,C165948
WAGO 2604-1102 (DNP),J2,CONN2_2604-1102_WAG,DNP
JST-SH 1.0mm 4P (DNP),J6,JST_SH_BM04B-SRSS-TB_1x04-1MP_P1.00mm_Vertical,DNP
