Ref,Val,Package,PosX,PosY,Rot,Side
"BOOT1","SW_Push","SW_SPST_PTS647_Sx50",148.360000,-90.320000,0.000000,top
"C1","100nF","C_0603_1608Metric",128.950000,-77.880000,0.000000,top
"C2","100nF","C_0603_1608Metric",128.950000,-80.390000,0.000000,top
"C3","100nF","C_0603_1608Metric",128.950000,-82.900000,0.000000,top
"C4","10uF","C_1206_3216Metric",123.640000,-90.350000,0.000000,top
"C5","100nF","C_0603_1608Metric",189.000000,-55.000000,0.000000,top
"C6","1nF","C_0603_1608Metric",180.291063,-118.200000,90.000000,top
"C7","1nF","C_0603_1608Metric",262.912500,-125.452052,-90.000000,top
"C8","1nF","C_0603_1608Metric",168.912500,-140.200000,90.000000,top
"C9","1nF","C_0603_1608Metric",251.912500,-102.900000,-90.000000,top
"C10","24pF","C_0603_1608Metric",187.500000,-49.225000,90.000000,top
"C11","47uF","C_0603_1608Metric",180.500000,-76.500000,0.000000,top
"C12","33nF","C_0603_1608Metric",184.000000,-53.150000,180.000000,top
"C13","100nF","C_0603_1608Metric",177.500000,-56.000000,90.000000,top
"C14","10uF","C_1210_3225Metric",173.500000,-57.000000,90.000000,top
"C16","1000uF","CP_Radial_D16.0mm_P7.50mm",99.844491,-85.400000,0.000000,top
"C17","100nF","C_0603_1608Metric",128.950000,-97.960000,0.000000,top
"C22","100nF","C_0603_1608Metric",195.378563,-110.200000,90.000000,top
"C23","100nF","C_0603_1608Metric",247.825000,-133.452052,-90.000000,top
"C24","100nF","C_0603_1608Metric",184.000000,-132.200000,90.000000,top
"C25","100nF","C_0603_1608Metric",236.825000,-110.900000,-90.000000,top
"D1","3v","D_SOD-123",176.791063,-108.700000,180.000000,top
"D2","3v","D_SOD-123",266.412500,-134.952052,0.000000,top
"D3","3v","D_SOD-123",165.412500,-130.700000,180.000000,top
"D4","3v","D_SOD-123",255.412500,-112.400000,0.000000,top
"D5","D_Schottky","D_SOD-123",103.945000,-95.850000,0.000000,top
"D6","3v","D_SOD-123",95.125000,-107.810000,0.000000,top
"D7","3v","D_SOD-123",95.125000,-111.160000,0.000000,top
"D8","3v","D_SOD-123",95.125000,-114.510000,0.000000,top
"D9","10V","D_SOD-123",103.945000,-99.200000,0.000000,top
"D10","3v","D_SOD-123",95.125000,-117.860000,0.000000,top
"D11","VSS","LED_0603_1608Metric",122.860000,-96.670000,0.000000,top
"D12","3.3V","LED_0603_1608Metric",122.860000,-99.260000,0.000000,top
"D13","5V","LED_0603_1608Metric",122.860000,-101.850000,0.000000,top
"D14","SMAJ28A","D_SMA",203.878563,-118.200000,0.000000,top
"D15","SMAJ28A","D_SMA",203.878563,-102.700000,180.000000,top
"D16","SMAJ28A","D_SMA",239.325000,-125.452052,180.000000,top
"D17","SMAJ28A","D_SMA",239.325000,-140.952052,0.000000,top
"D18","SMAJ28A","D_SMA",192.500000,-140.200000,0.000000,top
"D19","SMAJ28A","D_SMA",192.500000,-124.700000,180.000000,top
"D20","SMAJ28A","D_SMA",228.325000,-102.900000,180.000000,top
"D21","SMAJ28A","D_SMA",228.325000,-118.400000,0.000000,top
"D22","D_Schottky","D_SOD-123",126.535000,-136.530000,0.000000,top
"D23","5V","LED_0603_1608Metric",140.290000,-126.340000,0.000000,top
"D24","5V","LED_0603_1608Metric",140.290000,-128.930000,0.000000,top
"FB1","FerriteBead","L_0805_2012Metric",140.520000,-117.770000,0.000000,top
"J1","USB_C_Receptacle_USB2.0_16P","USB_C_Receptacle_HRO_TYPE-C-31-M-12",136.800000,-82.420000,0.000000,top
"J2","2604-1102","CONN2_2604-1102_WAG",84.715001,-80.355200,0.000000,top
"J3","2604-1104","CONN4_2604-1104_WAG",208.499999,-148.300001,0.000000,top
"J4","2604-1104","CONN4_2604-1104_WAG",145.499999,-147.800001,0.000000,top
"J5","Conn_01x04_Pin","PinHeader_1x04_P2.54mm_Vertical",125.910000,-118.690000,0.000000,top
"J6","Conn_01x04_MountingPin","JST_SH_BM04B-SRSS-TB_1x04-1MP_P1.00mm_Vertical",128.040000,-131.730000,0.000000,top
"J7","Conn_01x04_Pin","PinHeader_1x04_P2.54mm_Vertical",130.500000,-118.690000,0.000000,top
"L1","12uH","L_Bourns_SRR1208_12.7x12.7mm",188.500000,-65.500000,-90.000000,top
"Q5","QM6015D","TO-252-2",137.870000,-100.115000,0.000000,top
"Q7","BTN8982TA","TO-263-7_TabPin8",208.528563,-110.390000,0.000000,top
"Q8","BTN8982TA","TO-263-7_TabPin8",234.675000,-133.262052,180.000000,top
"Q9","BTN8982TA","TO-263-7_TabPin8",197.150000,-132.390000,0.000000,top
"Q10","BTN8982TA","TO-263-7_TabPin8",223.675000,-110.710000,180.000000,top
"R1","5,1K","R_0805_2012Metric",133.160000,-88.570000,0.000000,top
"R2","10k","R_0805_2012Metric",81.180000,-107.610000,0.000000,top
"R3","5,1K","R_0805_2012Metric",133.160000,-91.520000,0.000000,top
"R4","10K","R_0805_2012Metric",133.160000,-94.470000,0.000000,top
"R5","5,1K","R_0805_2012Metric",137.570000,-88.570000,0.000000,top
"R6","10K","R_0805_2012Metric",81.180000,-110.560000,0.000000,top
"R7","10K","R_0805_2012Metric",81.180000,-113.510000,0.000000,top
"R8","6k","R_0805_2012Metric",180.291063,-108.700000,-90.000000,top
"R9","6k","R_0805_2012Metric",262.912500,-134.952052,90.000000,top
"R10","10k","R_0805_2012Metric",179.791063,-102.700000,180.000000,top
"R11","500","R_0805_2012Metric",178.378563,-118.200000,90.000000,top
"R12","10k","R_0805_2012Metric",263.412500,-140.952052,0.000000,top
"R13","500","R_0805_2012Metric",264.825000,-125.452052,-90.000000,top
"R14","6k","R_0805_2012Metric",168.912500,-130.700000,-90.000000,top
"R15","10k","R_0805_2012Metric",179.791063,-104.700000,0.000000,top
"R16","10k","R_0805_2012Metric",263.412500,-138.952052,180.000000,top
"R17","10k","R_0805_2012Metric",176.378563,-104.700000,180.000000,top
"R18","10k","R_0805_2012Metric",266.825000,-138.952052,0.000000,top
"R19","10k","R_0805_2012Metric",168.412500,-124.700000,180.000000,top
"R20","10k","R_0805_2012Metric",165.000000,-126.700000,180.000000,top
"R21","500","R_0805_2012Metric",167.000000,-140.200000,90.000000,top
"R22","10k","R_0805_2012Metric",168.412500,-126.700000,0.000000,top
"R23","6k","R_0805_2012Metric",251.912500,-112.400000,90.000000,top
"R24","10k","R_0805_2012Metric",252.412500,-118.400000,0.000000,top
"R25","3k","R_0805_2012Metric",177.291063,-111.200000,180.000000,top
"R26","3k","R_0805_2012Metric",265.912500,-132.452052,0.000000,top
"R27","3k","R_0805_2012Metric",165.912500,-133.200000,180.000000,top
"R28","3k","R_0805_2012Metric",254.912500,-109.900000,0.000000,top
"R29","10k","R_0805_2012Metric",255.825000,-116.400000,0.000000,top
"R30","500","R_0805_2012Metric",253.825000,-102.900000,-90.000000,top
"R31","10k","R_0805_2012Metric",252.412500,-116.400000,180.000000,top
"R32","3k","R_0805_2012Metric",81.180000,-116.460000,0.000000,top
"R33","6k","R_0805_2012Metric",81.180000,-119.410000,0.000000,top
"R34","3k","R_0805_2012Metric",81.180000,-122.360000,0.000000,top
"R35","6k","R_0805_2012Metric",81.180000,-125.310000,0.000000,top
"R36","3k","R_0805_2012Metric",85.590000,-107.610000,0.000000,top
"R37","6k","R_0805_2012Metric",85.590000,-110.560000,0.000000,top
"R38","3k","R_0805_2012Metric",85.590000,-113.510000,0.000000,top
"R39","6k","R_0805_2012Metric",85.590000,-116.460000,0.000000,top
"R40","10K","R_0805_2012Metric",85.590000,-119.410000,0.000000,top
"R41","1k","R_0805_2012Metric",180.291063,-112.200000,-90.000000,top
"R42","1k","R_0805_2012Metric",262.912500,-131.452052,90.000000,top
"R43","1k","R_0805_2012Metric",168.912500,-134.200000,-90.000000,top
"R44","1k","R_0805_2012Metric",251.912500,-108.900000,90.000000,top
"R45","1k","R_0805_2012Metric",85.590000,-122.360000,0.000000,top
"R46","1k","R_0805_2012Metric",85.590000,-125.310000,0.000000,top
"R47","1k","R_0805_2012Metric",90.000000,-107.610000,0.000000,top
"R48","1k","R_0805_2012Metric",90.000000,-110.560000,0.000000,top
"R49","10K","R_0805_2012Metric",90.000000,-113.510000,0.000000,top
"R50","10K","R_0805_2012Metric",90.000000,-116.460000,0.000000,top
"R51","1K","R_0805_2012Metric",90.000000,-119.410000,0.000000,top
"R52","10k","R_0805_2012Metric",137.570000,-91.520000,0.000000,top
"R53","210","R_0805_2012Metric",137.570000,-94.470000,0.000000,top
"R54","400","R_0805_2012Metric",141.980000,-88.570000,0.000000,top
"R55","52.3K","R_0805_2012Metric",185.500000,-49.087500,-90.000000,top
"R56","10K","R_0805_2012Metric",183.500000,-49.087500,90.000000,top
"R57","5.1k","R_0805_2012Metric",179.291063,-115.200000,180.000000,top
"R58","5.1k","R_0805_2012Metric",263.912500,-128.452052,0.000000,top
"R59","5.1k","R_0805_2012Metric",167.912500,-137.200000,180.000000,top
"R60","5.1k","R_0805_2012Metric",252.912500,-105.900000,0.000000,top
"R61","210","R_0805_2012Metric",140.450000,-120.620000,0.000000,top
"R62","210","R_0805_2012Metric",140.450000,-123.570000,0.000000,top
"RST1","SW_Push","SW_SPST_PTS647_Sx50",148.360000,-96.770000,0.000000,top
"TP1","GND","TestPoint_Loop_D2.50mm_Drill1.85mm",135.520000,-119.120000,0.000000,top
"TP2","VCC","TestPoint_Loop_D2.50mm_Drill1.85mm",135.520000,-124.570000,0.000000,top
"TP3","3.3V","TestPoint_Loop_D2.50mm_Drill1.85mm",135.520000,-130.020000,0.000000,top
"TP4","5V","TestPoint_Loop_D2.50mm_Drill1.85mm",135.520000,-135.470000,0.000000,top
"U1","ESP32-S3-WROOM-1","ESP32-S3-WROOM-1",103.500000,-62.650000,0.000000,top
"U2","MCP3208","SOIC-16_3.9x9.9mm_P1.27mm",116.590000,-94.575000,0.000000,top
"U3","LD1117S33TR_SOT223","SOT-223-3_TabPin2",147.570000,-80.825000,0.000000,top
"U4","TPS4H160AQPWPRQ1","IC_TPS4H160AQPWPRQ1",97.145000,-125.160000,0.000000,top
"U5","USBLC6-2P6","SOT-666",140.270000,-132.055000,0.000000,top
"U6","TPS62932","SOT-583-8",180.500000,-54.500000,0.000000,top
