Designator,Mid X,Mid Y,Layer,Rotation
BOOT1,148.360000,-90.320000,top,0.000000
C1,128.950000,-77.880000,top,0.000000
C2,128.950000,-80.390000,top,0.000000
C3,128.950000,-82.900000,top,0.000000
C4,123.640000,-90.350000,top,0.000000
C5,189.000000,-55.000000,top,0.000000
C6,180.291063,-118.200000,top,90.000000
C7,262.912500,-125.452052,top,-90.000000
C8,168.912500,-140.200000,top,90.000000
C9,251.912500,-102.900000,top,-90.000000
C10,187.500000,-49.225000,top,90.000000
C11,180.500000,-76.500000,top,0.000000
C12,184.000000,-53.150000,top,180.000000
C13,177.500000,-56.000000,top,90.000000
C14,173.500000,-57.000000,top,90.000000
C16,99.844491,-85.400000,top,0.000000
C17,128.950000,-97.960000,top,0.000000
C22,195.378563,-110.200000,top,90.000000
C23,247.825000,-133.452052,top,-90.000000
C24,184.000000,-132.200000,top,90.000000
C25,236.825000,-110.900000,top,-90.000000
D1,176.791063,-108.700000,top,180.000000
D2,266.412500,-134.952052,top,0.000000
D3,165.412500,-130.700000,top,180.000000
D4,255.412500,-112.400000,top,0.000000
D5,103.945000,-95.850000,top,0.000000
D6,95.125000,-107.810000,top,0.000000
D7,95.125000,-111.160000,top,0.000000
D8,95.125000,-114.510000,top,0.000000
D9,103.945000,-99.200000,top,0.000000
D10,95.125000,-117.860000,top,0.000000
D11,122.860000,-96.670000,top,0.000000
D12,122.860000,-99.260000,top,0.000000
D13,122.860000,-101.850000,top,0.000000
D14,203.878563,-118.200000,top,0.000000
D15,203.878563,-102.700000,top,180.000000
D16,239.325000,-125.452052,top,180.000000
D17,239.325000,-140.952052,top,0.000000
D18,192.500000,-140.200000,top,0.000000
D19,192.500000,-124.700000,top,180.000000
D20,228.325000,-102.900000,top,180.000000
D21,228.325000,-118.400000,top,0.000000
D22,126.535000,-136.530000,top,0.000000
D23,140.290000,-126.340000,top,0.000000
D24,140.290000,-128.930000,top,0.000000
FB1,140.520000,-117.770000,top,0.000000
J1,136.800000,-82.420000,top,0.000000
J2,84.715001,-80.355200,top,0.000000
J3,208.499999,-148.300001,top,0.000000
J4,145.499999,-147.800001,top,0.000000
J5,125.910000,-118.690000,top,0.000000
J6,128.040000,-131.730000,top,0.000000
J7,130.500000,-118.690000,top,0.000000
L1,188.500000,-65.500000,top,-90.000000
Q5,137.870000,-100.115000,top,0.000000
Q7,208.528563,-110.390000,top,0.000000
Q8,234.675000,-133.262052,top,180.000000
Q9,197.150000,-132.390000,top,0.000000
Q10,223.675000,-110.710000,top,180.000000
R1,133.160000,-88.570000,top,0.000000
R2,81.180000,-107.610000,top,0.000000
R3,133.160000,-91.520000,top,0.000000
R4,133.160000,-94.470000,top,0.000000
R5,137.570000,-88.570000,top,0.000000
R6,81.180000,-110.560000,top,0.000000
R7,81.180000,-113.510000,top,0.000000
R8,180.291063,-108.700000,top,-90.000000
R9,262.912500,-134.952052,top,90.000000
R10,179.791063,-102.700000,top,180.000000
R11,178.378563,-118.200000,top,90.000000
R12,263.412500,-140.952052,top,0.000000
R13,264.825000,-125.452052,top,-90.000000
R14,168.912500,-130.700000,top,-90.000000
R15,179.791063,-104.700000,top,0.000000
R16,263.412500,-138.952052,top,180.000000
R17,176.378563,-104.700000,top,180.000000
R18,266.825000,-138.952052,top,0.000000
R19,168.412500,-124.700000,top,180.000000
R20,165.000000,-126.700000,top,180.000000
R21,167.000000,-140.200000,top,90.000000
R22,168.412500,-126.700000,top,0.000000
R23,251.912500,-112.400000,top,90.000000
R24,252.412500,-118.400000,top,0.000000
R25,177.291063,-111.200000,top,180.000000
R26,265.912500,-132.452052,top,0.000000
R27,165.912500,-133.200000,top,180.000000
R28,254.912500,-109.900000,top,0.000000
R29,255.825000,-116.400000,top,0.000000
R30,253.825000,-102.900000,top,-90.000000
R31,252.412500,-116.400000,top,180.000000
R32,81.180000,-116.460000,top,0.000000
R33,81.180000,-119.410000,top,0.000000
R34,81.180000,-122.360000,top,0.000000
R35,81.180000,-125.310000,top,0.000000
R36,85.590000,-107.610000,top,0.000000
R37,85.590000,-110.560000,top,0.000000
R38,85.590000,-113.510000,top,0.000000
R39,85.590000,-116.460000,top,0.000000
R40,85.590000,-119.410000,top,0.000000
R41,180.291063,-112.200000,top,-90.000000
R42,262.912500,-131.452052,top,90.000000
R43,168.912500,-134.200000,top,-90.000000
R44,251.912500,-108.900000,top,90.000000
R45,85.590000,-122.360000,top,0.000000
R46,85.590000,-125.310000,top,0.000000
R47,90.000000,-107.610000,top,0.000000
R48,90.000000,-110.560000,top,0.000000
R49,90.000000,-113.510000,top,0.000000
R50,90.000000,-116.460000,top,0.000000
R51,90.000000,-119.410000,top,0.000000
R52,137.570000,-91.520000,top,0.000000
R53,137.570000,-94.470000,top,0.000000
R54,141.980000,-88.570000,top,0.000000
R55,185.500000,-49.087500,top,-90.000000
R56,183.500000,-49.087500,top,90.000000
R57,179.291063,-115.200000,top,180.000000
R58,263.912500,-128.452052,top,0.000000
R59,167.912500,-137.200000,top,180.000000
R60,252.912500,-105.900000,top,0.000000
R61,140.450000,-120.620000,top,0.000000
R62,140.450000,-123.570000,top,0.000000
RST1,148.360000,-96.770000,top,0.000000
TP1,135.520000,-119.120000,top,0.000000
TP2,135.520000,-124.570000,top,0.000000
TP3,135.520000,-130.020000,top,0.000000
TP4,135.520000,-135.470000,top,0.000000
U1,103.500000,-62.650000,top,0.000000
U2,116.590000,-94.575000,top,0.000000
U3,147.570000,-80.825000,top,0.000000
U4,97.145000,-125.160000,top,0.000000
U5,140.270000,-132.055000,top,0.000000
U6,180.500000,-54.500000,top,0.000000
